{"cameraMode":{"drawMode":0,"name":"Shaded","section":"Shading Mode"},"sceneLighting":false,"audioPlay":false,"sceneViewState":{"m_AlwaysRefresh":false,"showFog":true,"showSkybox":false,"showFlares":true,"showImageEffects":true,"showParticleSystems":true,"showVisualEffectGraphs":true,"m_FxEnabled":true},"in2DMode":false,"pivot":{"x":0.0019866228103637697,"y":1.0863968133926392,"z":-0.0003337860107421875},"rotation":{"x":-0.3812916576862335,"y":-0.33271345496177676,"z":0.14933255314826966,"w":-0.8497217893600464},"size":4.4265241622924809,"orthographic":false}