{"cameraMode":{"drawMode":0,"name":"Shaded","section":"Shading Mode"},"sceneLighting":false,"audioPlay":false,"sceneViewState":{"m_AlwaysRefresh":false,"showFog":true,"showSkybox":false,"showFlares":true,"showImageEffects":true,"showParticleSystems":true,"showVisualEffectGraphs":true,"m_FxEnabled":true},"in2DMode":false,"pivot":{"x":0.2722961902618408,"y":0.0002910792827606201,"z":1.6051170825958253},"rotation":{"x":-0.12447014451026917,"y":-0.6523654460906982,"z":0.10993511974811554,"w":-0.7397686243057251},"size":1.4391590356826783,"orthographic":false}