{"cameraMode":{"drawMode":0,"name":"Shaded","section":"Shading Mode"},"sceneLighting":false,"audioPlay":false,"sceneViewState":{"m_AlwaysRefresh":false,"showFog":true,"showSkybox":false,"showFlares":true,"showImageEffects":true,"showParticleSystems":true,"showVisualEffectGraphs":true,"m_FxEnabled":true},"in2DMode":false,"pivot":{"x":-0.11598968505859375,"y":0.07653367519378662,"z":-0.1808776557445526},"rotation":{"x":-0.26532232761383059,"y":-0.045929137617349628,"z":0.012914087623357773,"w":-0.9631986618041992},"size":1.9419595003128052,"orthographic":false}