{"cameraMode":{"drawMode":0,"name":"Shaded","section":"Shading Mode"},"sceneLighting":false,"audioPlay":false,"sceneViewState":{"m_AlwaysRefresh":false,"showFog":true,"showSkybox":false,"showFlares":true,"showImageEffects":true,"showParticleSystems":true,"showVisualEffectGraphs":true,"m_FxEnabled":true},"in2DMode":false,"pivot":{"x":0.05465656518936157,"y":0.048077166080474856,"z":0.04579347372055054},"rotation":{"x":0.1474381536245346,"y":-0.6379719376564026,"z":0.1262003630399704,"w":0.745231032371521},"size":0.3302884101867676,"orthographic":false}