{"cameraMode":{"drawMode":0,"name":"Shaded","section":"Shading Mode"},"sceneLighting":false,"audioPlay":false,"sceneViewState":{"m_AlwaysRefresh":false,"showFog":true,"showSkybox":false,"showFlares":true,"showImageEffects":true,"showParticleSystems":true,"showVisualEffectGraphs":true,"m_FxEnabled":true},"in2DMode":false,"pivot":{"x":-0.39004480838775637,"y":-0.26184964179992678,"z":33.94259262084961},"rotation":{"x":0.20268498361110688,"y":-0.04934920743107796,"z":0.010067008435726166,"w":0.9781873822212219},"size":3.3421483039855959,"orthographic":false}