{"cameraMode":{"drawMode":0,"name":"Shaded","section":"Shading Mode"},"sceneLighting":false,"audioPlay":false,"sceneViewState":{"m_AlwaysRefresh":false,"showFog":true,"showSkybox":false,"showFlares":true,"showImageEffects":true,"showParticleSystems":true,"showVisualEffectGraphs":true,"m_FxEnabled":true},"in2DMode":false,"pivot":{"x":-0.5328019857406616,"y":-0.479597806930542,"z":33.83340835571289},"rotation":{"x":0.20268498361110688,"y":-0.04934920743107796,"z":0.010067008435726166,"w":0.9781873822212219},"size":3.9936611652374269,"orthographic":false}