{"cameraMode":{"drawMode":0,"name":"Shaded","section":"Shading Mode"},"sceneLighting":false,"audioPlay":false,"sceneViewState":{"m_AlwaysRefresh":false,"showFog":true,"showSkybox":false,"showFlares":true,"showImageEffects":true,"showParticleSystems":true,"showVisualEffectGraphs":true,"m_FxEnabled":true},"in2DMode":false,"pivot":{"x":-0.5123411417007446,"y":0.993971586227417,"z":-0.14644312858581544},"rotation":{"x":-0.11697115749120712,"y":0.04052030295133591,"z":-0.004598123952746391,"w":-0.9925106167793274},"size":2.4704642295837404,"orthographic":false}