{"cameraMode":{"drawMode":0,"name":"Shaded","section":"Shading Mode"},"sceneLighting":false,"audioPlay":false,"sceneViewState":{"m_AlwaysRefresh":false,"showFog":true,"showSkybox":false,"showFlares":true,"showImageEffects":true,"showParticleSystems":true,"showVisualEffectGraphs":true,"m_FxEnabled":true},"in2DMode":false,"pivot":{"x":0.5369031429290772,"y":0.9959762096405029,"z":0.35293257236480715},"rotation":{"x":0.000811974867247045,"y":0.9868052005767822,"z":-0.16310656070709229,"w":0.005934753455221653},"size":3.4764304161071779,"orthographic":false}