{"cameraMode":{"drawMode":0,"name":"Shaded","section":"Shading Mode"},"sceneLighting":false,"audioPlay":false,"sceneViewState":{"m_AlwaysRefresh":false,"showFog":true,"showSkybox":false,"showFlares":true,"showImageEffects":true,"showParticleSystems":true,"showVisualEffectGraphs":true,"m_FxEnabled":true},"in2DMode":false,"pivot":{"x":0.007027149200439453,"y":1.1056742668151856,"z":-0.00004470348358154297},"rotation":{"x":-0.2864651381969452,"y":0.5847702622413635,"z":-0.231054425239563,"w":-0.7232131958007813},"size":4.125635147094727,"orthographic":false}