{"cameraMode":{"drawMode":0,"name":"Shaded","section":"Shading Mode"},"sceneLighting":false,"audioPlay":false,"sceneViewState":{"m_AlwaysRefresh":false,"showFog":true,"showSkybox":false,"showFlares":true,"showImageEffects":true,"showParticleSystems":true,"showVisualEffectGraphs":true,"m_FxEnabled":true},"in2DMode":false,"pivot":{"x":0.6842971444129944,"y":0.8432623147964478,"z":34.47630310058594},"rotation":{"x":0.03478376567363739,"y":0.032102346420288089,"z":-0.0012731224996969104,"w":0.9991127848625183},"size":3.6943697929382326,"orthographic":false}