{"cameraMode":{"drawMode":0,"name":"Shaded","section":"Shading Mode"},"sceneLighting":false,"audioPlay":false,"sceneViewState":{"m_AlwaysRefresh":false,"showFog":true,"showSkybox":false,"showFlares":true,"showImageEffects":true,"showParticleSystems":true,"showVisualEffectGraphs":true,"m_FxEnabled":true},"in2DMode":false,"pivot":{"x":-0.1713942587375641,"y":3.731214761734009,"z":-0.5153357982635498},"rotation":{"x":-0.18672403693199159,"y":0.01505278144031763,"z":-0.0026632321532815696,"w":-0.9825088977813721},"size":6.224685192108154,"orthographic":false}