{"cameraMode":{"drawMode":0,"name":"Shaded","section":"Shading Mode"},"sceneLighting":false,"audioPlay":false,"sceneViewState":{"m_AlwaysRefresh":false,"showFog":true,"showSkybox":false,"showFlares":true,"showImageEffects":true,"showParticleSystems":true,"showVisualEffectGraphs":true,"m_FxEnabled":true},"in2DMode":false,"pivot":{"x":2.737602710723877,"y":1.0229805707931519,"z":0.3671112060546875},"rotation":{"x":-0.6062430143356323,"y":0.09974919259548187,"z":-0.07693959772586823,"w":-0.7854876518249512},"size":2.2621145248413088,"orthographic":false}