{"cameraMode":{"drawMode":0,"name":"Shaded","section":"Shading Mode"},"sceneLighting":false,"audioPlay":false,"sceneViewState":{"m_AlwaysRefresh":false,"showFog":true,"showSkybox":false,"showFlares":true,"showImageEffects":true,"showParticleSystems":true,"showVisualEffectGraphs":true,"m_FxEnabled":true},"in2DMode":false,"pivot":{"x":-0.8360673189163208,"y":1.01533842086792,"z":0.0451999306678772},"rotation":{"x":-0.1926189661026001,"y":-0.011482003144919873,"z":0.0023382811341434719,"w":-0.9814054369926453},"size":4.731767177581787,"orthographic":false}