{"cameraMode":{"drawMode":0,"name":"Shaded","section":"Shading Mode"},"sceneLighting":false,"audioPlay":false,"sceneViewState":{"m_AlwaysRefresh":false,"showFog":true,"showSkybox":false,"showFlares":true,"showImageEffects":true,"showParticleSystems":true,"showVisualEffectGraphs":true,"m_FxEnabled":true},"in2DMode":false,"pivot":{"x":-0.8669549226760864,"y":-0.1251285821199417,"z":0.2231627106666565},"rotation":{"x":-0.13870632648468018,"y":0.7892885804176331,"z":-0.19342151284217835,"w":-0.5661097168922424},"size":0.7277397513389587,"orthographic":false}